review,label
The product quality is excellent and exceeded my expectations,Positive
I am very satisfied with the service provided,Positive
The experience was good and I would recommend it to others,Positive
Amazing performance and great value for money,Positive
Customer support was helpful and responsive,Positive
I really enjoyed using this application,Positive
The interface is clean and easy to use,Positive
,
This is one of the best purchases I have made,Positive
The delivery was fast and the packaging was secure,Positive
The product works as described,Neutral
It is okay but nothing special,Neutral
The service was average and acceptable,Neutral
The experience was neither good nor bad,Neutral
I think the product meets basic expectations,Neutral
It does what it is supposed to do,Neutral
The quality is decent for the price,Neutral
"No major complaints, but no highlights either",Neutral
The response time was reasonable,Neutral
It functions normally without problems,Neutral
I am disappointed with the overall performance,Negative
The product stopped working after a few days,Negative
Customer service was rude and unhelpful,Negative
The quality is very poor and unacceptable,Negative
I regret buying this product,Negative
The experience was frustrating and annoying,Negative
The application crashes frequently,Negative
Not worth the money at all,Negative
Delivery was delayed and packaging was damaged,Negative
This is one of the worst products I have used,Negative
The product is reliable and well designed,Positive
Very happy with the overall experience,Positive
The features are impressive and useful,Positive
I would definitely buy this again,Positive
Smooth performance and great usability,Positive
The support team resolved my issue quickly,Positive
It saves a lot of time and effort,Positive
I am impressed with the build quality,Positive
Works flawlessly even under heavy use,Positive
Highly recommended for beginners and professionals,Positive
The product arrived on time,Neutral
The setup process was straightforward,Neutral
It looks fine but could be improved,Neutral
The performance is acceptable,Neutral
I have mixed feelings about this product,Neutral
The app is usable but not very exciting,Neutral
Nothing particularly stands out,Neutral
The experience was standard,Neutral
It works most of the time,Neutral
The product is neither impressive nor disappointing,Neutral
The product broke within a week,Negative
I faced many issues while using it,Negative
The instructions were unclear and confusing,Negative
Customer support never responded,Negative
The performance is slow and unreliable,Negative
I am unhappy with this purchase,Negative
It does not work as advertised,Negative
The design feels cheap and poorly made,Negative
Too many bugs and errors,Negative
,
The product feels premium and durable,Positive
Excellent attention to detail,Positive
The service exceeded my expectations,Positive
Everything was smooth from start to finish,Positive
Great user experience and design,Positive
The app runs fast and efficiently,Positive
I am very pleased with the results,Positive
Worth every penny spent,Positive
The updates have improved the product a lot,Positive
Overall a fantastic experience,Positive
effective at quickly processing,Positive
,
Worst product ever bought,Negative
Not worth the price,Negative
,
,Positive
Durability is a concern but apart from that all other factors are good,Neutral
The quality is not anything that I'd put up in my home to try,Negative
Taste of the food is nice but the dining and hygiene of the restaurant was not nice,Neutral
You can watch the movie but not worthable,Neutral
DO NOT BUY.,Negative
Premium quality,Positive
water leakage issues because water pours out of the holes.,Negative
I would not recommend this to anyone,Negative
Good material and patterns but don’t like the fitting,Neutral
Seemed to be very dark in the catalogue but when arrived the color fades after washing,Negative
I am impressed ,Positive
Actign is good and fight scenes were nice but not the story,Neutral
"Works well, heats fast, good steam output. ",Positive
Ever worst utter flop movie in the world ,Negative
Nice only but not good,Neutral
,
"it’s high-quality, powerful, lightweight, and does a great job",Positive
,Neutral
"Nice iron, good value for the price.",Positive
it doesn't get hot enough,Negative
The product is nice only but not as expected because of the fitting,Neutral
Everything worked perfectly without any issues,Positive
"Material is not nice but I like print and pattern, for this cost it worth only",Neutral
Doesn’t take up a ton of space,Positive
